"Section","Goals","Subjects","Scopes","Constraints","Jurisdictions"
"1","requires","the governmentâ information security organization, The protection of information assets","a multi-disciplinary approach","",""
"1","describes","the management structure, This chapter, including required information security activities","","",""
"1","applies","This coordination","","","to internal organizations, to external parties"
"1","requires","the support of a network of contacts, The information security organization","","","in the information security community, with other external factors"
"2.1.1","set, provide","Management","support for information security, direction","",""
"2.1.2","coordinated","the Office of the Government Chief Information Officer","Implementation of information security activities","","across government"
"2.1.4","requires","Establishment of new information systems and processing facilities","formal management authorization","",""
"2.1.5","be","A confidentiality agreement","","","for the handling of information"
"2.1.6","maintained","","Appropriate contacts","with local law enforcement authorities emergency support and staff service providers, emergency support staff, service providers",""
"2.1.7","maintained","","Appropriate contacts","with specialist security forums and professional associations, professional associations",""
"2.1.8","conducted","","Independent reviews of information security","",""
"2.2.1","undertaken, implemented","appropriate security controls","Assessment of risks","","from external party access to government information or information systems or information processing facilities"
"2.2.2","addressed","","Identified security requirements","","to information systems information processing facilities"
"2.2.3","based","","Arrangements","on a formal contract","to information systems information processing facilities"
"2.1.1","set, provide","Management","support for information security, direction","",""
"2.1.1 a) ","provides","the security infrastructure, The Information Security Program","","","for standard security controls, across government"
"2.1.1 a) ","provides","the security infrastructure, The Information Security Program","","","for information security"
"2.1.1 a) ","provides","the security infrastructure, The Information Security Program","","",""
"2.1.1 a) ","provides","the security infrastructure, The Information Security Program","","","of the Information Security Policy"
"2.1.1 a) ","provides","The Information Security Program","the security infrastructure","",""
"2.1.1 b) ","establish","an Information Security Program, The Chief Information Security Officer","an Information Security Program","","across government, on methodologies and processes, for information security"
"2.1.1 b) ","establish","an Information Security Program, The Chief Information Security Officer","an Information Security Program","","across government"
"2.1.1 b) ","enable","an Information Security Program, The Chief Information Security Officer","government service delivery","","across government, in the Information Security Policy and and guidelines, standards"
"2.1.1 b) ","establish","an Information Security Program, The Chief Information Security Officer","an Information Security Program","","across government, to planning and development groups"
"2.1.1 b) ","establish","an Information Security Program, The Chief Information Security Officer","an Information Security Program","","across government, throughout government"
"2.1.1 b) ","establish","an Information Security Program, The Chief Information Security Officer","an Information Security Program","","across government, to threats of assets, with information security"
"2.1.1 b) ","establish","an Information Security Program, The Chief Information Security Officer","an Information Security Program","","across government, for all suspected actual information incidents"
"2.1.1 b) ","establish","an Information Security Program, The Chief Information Security Officer","an Information Security Program","","across government, during and after an information security incident"
"2.1.1 b) ","establish","an Information Security Program, The Chief Information Security Officer","an Information Security Program","","across government, for security controls"
"2.1.1 b) ","establish","an Information Security Program, information security activities, The Chief Information Security Officer","an Information Security Program","","across government, with the Information Security Policy"
"2.1.1 b) ","establish","an Information Security Program, activities, The Chief Information Security Officer","an Information Security Program","","across government, with policies or standards or best practices"
"2.1.1 b) ","establish","an Information Security Program, The Chief Information Security Officer","an Information Security Program","","across government, co-ordinating the implementation of information security controls"
"2.1.1 b) ","establish","an Information Security Program, The Chief Information Security Officer","an Information Security Program","","across government, in response, to identified information security incidents"
"2.1.1 b) ","establish, centres","national incident response, an Information Security Program, The Chief Information Security Officer","an Information Security Program","","across government, building relationships, with stakeholder and partner organizations, including suppliers"
"2.1.1 c) ","interpreting","Information security specialists, the Information Security Policy","the Information Security Policy","","in the Information Security Branch, of the Government Chief Information Officer, in the delivery of business functions"
"2.1.1 c) ","evaluating","Information security specialists","information security implications of new government initiatives","","in the Information Security Branch, of the Government Chief Information Officer"
"2.1.1 c) ","performing","Information security specialists","information system security risk analysis activities","","in the Information Security Branch, of the Government Chief Information Officer"
"2.1.1 c) ","performing","Information security specialists","reviews, information security assessments and reviews","","in the Information Security Branch, of the Government Chief Information Officer"
"2.1.1 c) ","evaluating","Information security specialists","new threats and vulnerabilities, vulnerabilities","","in the Information Security Branch, of the Government Chief Information Officer"
"2.1.1 c) ","investigating","Information security specialists","major information security incidents","","in the Information Security Branch, of the Government Chief Information Officer"
"2.1.1 c) ","advising","Information security specialists","security requirements","on the information","in the Information Security Branch, of the Government Chief Information Officer, for documented agreements"
"2.1.1 c) ","recommending, identifying, emerging","Information security specialists","technologies, general business trends, changes","","in the Information Security Branch, of the Government Chief Information Officer, to Information Security Program"
"2.1.1 c) ","analyzing, providing","Information security specialists","advice","","in the Information Security Branch, of the Government Chief Information Officer, on emerging information security standards"
"2.1.1 c) ","providing","Information security specialists","information security advice","","in the Information Security Branch, of the Government Chief Information Officer, for business areas"
"2.1.1 d) ","defined","","The responsibilities of the Ministry Chief Information Officer","","in the Core Policy Chapter"
"2.1.1 d) ","point","the Ministry Chief Information Officer","","","In addition to these responsibilities, of contact, for information incidents, within ministry"
"2.1.1 d) ","member","the Ministry Chief Information Officer","","","In addition to these responsibilities, of cross-ministry IM/IT forums"
"2.1.1 d) ","ensuring","the Ministry Chief Information Officer","","","In addition to these responsibilities, for all actual suspected information incidents"
"2.1.1 d) ","supported","the Ministry Chief Information Officer, the ministry","ensures information security reviews and audits, audits","","In addition to these responsibilities"
"2.1.1 e) ","responsible","The Ministry Information Security Officer","","","in compliance, with the Information Security Policy"
"2.1.1 e) ","responsible","The Ministry Information Security Officer","","","for co-ordinating information security awareness and education"
"2.1.1 e) ","investigating","reported information security events, The Ministry Information Security Officer","reported information security events","",""
"2.1.1 e) ","responsible","The Ministry Information Security Officer","","","on issues, to information security"
"2.1.1 e) ","assisting","The Ministry Information Security Officer","business areas","",""
"2.1.1 e) ","ensuring","each information system, The Ministry Information Security Officer","","",""
"2.1.1 e) ","providing","The Ministry Information Security Officer","advice","on security requirements","for information systems development or enhancements"
"2.1.1 e) ","responsible","The Ministry Information Security Officer","","","for co-ordinating ministry information security initiatives, with cross-government information security initiatives"
"2.1.1 e) ","responsible","The Ministry Information Security Officer","","","on emerging information security standards, to ministry specific lines of business"
"2.1.1 e) ","raising","The Ministry Information Security Officer","ministry security issues","","to the cross-government information security forum"
"2.1.1 e) ","exist","the Information Security Program","","",""
"2.1.1 e) ","support","it","a secure infrastructure for protection of government information","",""
"2.1.1 e) ","aware","the GCIO","","","of roles and responsibilities, in regards, to information security"
"2.1.2","coordinated","the Office of the Government Chief Information Officer","Implementation of information security activities","","across government"
"2.1.2 a) ","implementing, developing","A cross-government information security forum","standards, information security policies and and guidelines, guidelines","",""
"2.1.2 a) ","promoting","A cross-government information security forum","the consistent application of information security programs","",""
"2.1.2 a) ","identifying","A cross-government information security forum, issues","","","to information security disciplines critical and information asset protection, critical information asset protection"
"2.1.2 a) ","identifying, managing, assessing","A cross-government information security forum","information security risks","",""
"2.1.2 a) ","conducting","A cross-government information security forum","Risk Assessments, Security Threat and Risk Assessments of high profile initiatives","",""
"2.1.2 b) ","establish","a Ministry Information Security Committee, Each ministry, the information security","a Ministry Information Security Committee","","of the ministry"
"2.1.2 b) ","documented, implemented, developed","procedures and processes, a Ministry Information Security Committee, Each ministry","procedures and processes, processes","","in compliance, with policy"
"2.1.2 b) ","establish","a Ministry Information Security Committee, Each ministry","a Ministry Information Security Committee","",""
"2.1.2 b) ","establish","a Ministry Information Security Committee, Each ministry","a Ministry Information Security Committee","","to the cross-government information security forum"
"2.1.2 b) ","ensuring","","","","for all suspected actual information incidents"
"2.1.2 b) ","exist","a cross government information security forum","","",""
"2.1.2 b) ","exist","a ministry information security committee","","",""
"2.1.3","documented","","Information security responsibilities","",""
"2.1.3 a) ","includes","the Information Owner and Information Custodian, Responsibility","","","for security, throughout government, for information and information systems"
"2.1.3 a) ","includes","Responsibility","","","for security, throughout government"
"2.1.3 a) ","includes","","","","for security, throughout government, for access"
"2.1.3 b) ","flows","information ownership","","from the Crown to government Ministers","Within the Government of British Columbia, to Deputy Ministers"
"2.1.3 b) ","delegated","the Deputy Minister","Information ownership","",""
"2.1.3 b) ","determine, have","Information Owners","business requirements, decision, the responsibility and decision","","for information, throughout life cycle, including information security needs"
"2.1.3 b) ","ensure, have","Information Owners","decision, the responsibility and decision","","for information, throughout life cycle, with information classification and value"
"2.1.3 b) ","have, define","Information Owners","decision, security requirements, the responsibility and decision","","for information, throughout life cycle, during the planning stage of any new or changed information system"
"2.1.3 b) ","determine, have","Information Owners","decision, authorization requirements, the responsibility and decision","","for information, throughout life cycle, for access, to information and information systems"
"2.1.3 b) ","approve, have","Information Owners","decision, access privileges for each user or set of users, the responsibility and decision","","for information, throughout life cycle"
"2.1.3 b) ","document, have","Information Owners","information exchange agreements, decision, the responsibility and decision","","for information, throughout life cycle"
"2.1.3 b) ","have, develop","Information Owners","service level agreements, decision, the responsibility and decision","","throughout life cycle, for information systems, under custody or control"
"2.1.3 b) ","have, implement","processes, Information Owners, users","processes, decision, the responsibility and decision","","for information, throughout life cycle, of security responsibilities"
"2.1.3 b) ","have, monitor","Information Owners, users","decision, the responsibility and decision","","for information, throughout life cycle"
"2.1.3 b) ","involved, have","Information Owners","decision, Information Owners, the responsibility and decision","with security reviews","for information, throughout life cycle"
"2.1.3 c) ","providing, managing","Information Custodians","security for the information asset","","on behalf of the Information Owners, throughout lifecycle"
"2.1.3 c) ","operating, maintaining","Information Custodians, information and information systems","the technical infrastructure","","on behalf of the Information Owners"
"2.1.3 c) ","operating, maintaining","Information Custodians","the security","","on behalf of the Information Owners"
"2.1.4","requires","Establishment of new information systems and processing facilities","formal management authorization","",""
"2.1.4 a) ","conduct","Information Owners and Information Custodians","Risk Assessment, a Security Threat and Risk Assessment","",""
"2.1.4 a) ","address","Information Owners and Information Custodians","security requirements","","in the construction of the facility"
"2.1.4 a) ","determine","controls, Information Owners and Information Custodians","","","to implementation of the information processing facility"
"2.1.4 a) ","ensure","processing facilities and Information and Information Custodians, Information Owners","adherence","","from the Office of the Government Chief Information Officer, to relevant policies and and and standards guidelines, procedures"
"2.1.4 b) ","conduct","Information Owners and Information Custodians of a new or modified information system","Risk Assessment, a Security Threat and Risk Assessment","",""
"2.1.4 b) ","address","Information Owners and Information Custodians of a new or modified information system","security requirements","","in the development of the system"
"2.1.4 b) ","determine","controls, Information Owners and Information Custodians of a new or modified information system","","","of the information system"
"2.1.4 b) ","ensure, undergo","Information Owners and Information Custodians of a new or modified information system, changed information systems","new, certification and accreditation, accreditation","",""
"2.1.4 b) ","ensure","Information Owners and Information Custodians of a new or modified information system","adherence","","from the Office of the Government Chief Information Officer, to relevant Core Policy Procedure and Information Security Policy"
"2.1.4 c) ","consult","Information Owners and Information Custodians","","with the Office of the Government Chief Information Officer","Prior acquisition of new hardware or or software, firmware, with existing information systems"
"2.1.4 c) ","consult","Information Owners and Information Custodians","","with the Office of the Government Chief Information Officer","Prior acquisition of new hardware or or software, firmware, to the Information Security Policy and and guidelines, standards"
"2.1.4 c) ","consult","Information Owners and Information Custodians","","with the Office of the Government Chief Information Officer","Prior acquisition of new hardware or or software, firmware, of the product, as part of the procurement selection process"
"2.1.4 c) ","consult","the impact, Information Owners and Information Custodians","","with the Office of the Government Chief Information Officer","Prior acquisition of new hardware or or software, firmware, for any additional security measures, on existing security"
"2.1.4 d) ","authorized","Personnel","","","on non-government hardware"
"2.1.4 d) ","test","Information Owners and Information Custodians","non-government hardware for vulnerabilities","","to the government network"
"2.1.4 d) ","establishing","","new or modified information systems and processing facilities, modified information systems and processing facilities","",""
"2.1.4 d) ","exist","non-government hardware, a documented approval","","",""
"2.1.5","be","A confidentiality agreement","","","for the handling of information"
"2.1.5 a) ","ensure","Information Owners and Information Custodians","","","of obligation, of information"
"2.1.5 a) ","ensure","employees, Information Owners and Information Custodians","individuals","","of information"
"2.1.5 a) ","reviewed, updated","","Confidentiality requirements","",""
"2.1.5 a) ","is","a process, employees","","","of Conduct"
"2.1.5 a) ","is","a process, individuals","","","than employees, of government information"
"2.1.6","maintained","","Appropriate contacts","with local law enforcement authorities emergency support and staff service providers, emergency support staff, service providers",""
"2.1.6 a) ","ensure","The Chief Information Security Officer","","","as appropriate and a list of internal and and external organizations service providers, a list of internal and external organizations"
"2.1.6 a) ","ensure","The Chief Information Security Officer","","","during information security incidents or investigations"
"2.1.6 a) ","is","a documented process","","",""
"2.1.7","maintained","","Appropriate contacts","with specialist security forums and professional associations, professional associations",""
"2.1.7 a) ","participating","Personnel","","","with information security responsibilities, of information security industry trends and best and and new technologies threats or vulnerabilities, in information exchange forums, regarding best practices industry standards and development and and new and threats and vulnerabilities early notice of potential attacks advisories, industry standards development"
"2.1.7 a) ","improving, maintaining","Personnel","knowledge","","with information security responsibilities, of information security industry trends and best and and new technologies threats or vulnerabilities, best practices, regarding information security"
"2.1.7 a) ","creating","Personnel","a support network of other security specialists","","with information security responsibilities, of information security industry trends and best and and new technologies threats or vulnerabilities, best practices"
"2.1.7 a) ","promote","The Chief Information Security Officer","membership for personnel, professional certification and membership for personnel","","in professional associations, with information security responsibilities, throughout government"
"2.1.7 a) ","have","security professionals","support","","of information security"
"2.1.8","conducted","","Independent reviews of information security","",""
"2.1.8 a) ","initiate","The Chief Information Security Officer","an independent review of the Information Security Program","",""
"2.1.8 a) ","initiate","The Chief Information Security Officer","an independent review of the Information Security Program","",""
"2.1.8 a) ","initiate","The Chief Information Security Officer","an independent review of the Information Security Program","","of the review, to senior management"
"2.1.8 a) ","conducted","an independent third party","This review","",""
"2.1.8 b) ","address","The Chief Information Security Officer","non-compliant controls, the identified weaknesses and non-compliant controls","","to the next review"
"2.1.8 b) ","conducted","an independent third party","a review of the Information Security Program","",""
"2.2.1","undertaken, implemented","appropriate security controls","Assessment of risks","","from external party access to government information or information systems or information processing facilities"
"2.2.1 a) ","responsible","Information Owners and Information Custodians","","","to external party access, to information and information systems"
"2.2.1 a) ","prior","","","","following technical or business process changes, to the information system"
"2.2.1 a) ","consider","The assessment of risks, existing controls","","","to external party access, for the access"
"2.2.1 a) ","consider","The assessment of risks","impacts","","to external party access, to the controls of the information processing facilities"
"2.2.1 a) ","consider","The assessment of risks","the classification of the information assets","","to external party access"
"2.2.1 a) ","consider","The assessment of risks, the external party","processes, policies and processes","","to external party access, on security and privacy issues"
"2.2.1 a) ","consider","The assessment of risks","internal and external processes","","to external party access"
"2.2.1 a) ","consider","The assessment of risks","processes","","to external party access, of personnel and systems of the external party"
"2.2.1 a) ","consider","The assessment of risks, the external party","security controls","","to external party access"
"2.2.1 a) ","consider","The assessment of risks","impacts","","to external party access, to both parties, from assets"
"2.2.1 a) ","consider","The assessment of risks","data","","to external party access, including impacts"
"2.2.1 b) ","confirm","Information Owners and Information Custodians","","","to authorizing access, external parties to information and information systems"
"2.2.1 b) ","confirm","Information Owners and Information Custodians","","","to authorizing access, external parties to information and information systems"
"2.2.1 b) ","confirm","Information Owners and Information Custodians","","","to authorizing access, external parties to information and information systems"
"2.2.1 b) ","is","a documented process","","","for external party access to government information"
"2.2.1 b) ","documented","","the risk assessment","","for external party access to government information"
"2.2.1 b) ","updated","","the risk assessment document","","throughout the lifecycle of the information system"
"2.2.2","addressed","","Identified security requirements","","to information systems information processing facilities"
"2.2.2 a) ","determine","mitigation strategies, Information Owners and Information Custodians","","","to non-public information and information systems, for external parties"
"2.2.2 a) ","review","Information Owners and Information Custodians","the Security Threat and Risk Assessment, Risk Assessment","","to non-public information and information systems, for external parties, for asset protection requirements, including asset classification"
"2.2.2 a) ","review, obligations","Information Owners and Information Custodians","the Security Threat and Risk Assessment, Risk Assessment","","to non-public information and information systems, for external parties, for asset protection requirements, including legislative and and policy considerations"
"2.2.2 a) ","complete","Information Owners and Information Custodians","a Privacy Impact Assessment","","to non-public information and information systems, for external parties"
"2.2.2 a) ","determine","security controls, Information Owners and Information Custodians","","","to non-public information and information systems, for external parties"
"2.2.2 a) ","document","Information Owners and Information Custodians","the roles and responsibilities of the Information Owner and Information Custodian and the external party, responsibilities","","to non-public information and information systems, for external parties, in a formal agreement"
"2.2.2 a) ","documented","the system requirements","","","for external party access to government information"
"2.2.2 a) ","is","a formal agreement","","","for external party access to non-public information"
"2.2.3","based","","Arrangements","on a formal contract","to information systems information processing facilities"
"2.2.3 a) ","ensure, provided","Information Owners and Information Custodians","access, information processing facilities","","to information assets, external parties"
"2.2.3 a) ","include","Access agreements","responsibilities, roles and responsibilities of the Information Owner and Information Custodian and the external party","",""
"2.2.3 a) ","include","Access agreements","approved security controls","",""
"2.2.3 a) ","include","Access agreements","conditions","","for contract termination"
"2.2.3 a) ","include","Access agreements","audit and compliance, compliance","",""
"2.2.3 a) ","include","Access agreements","reporting obligations for suspected or actual security and privacy incidents","",""
"2.2.3 a) ","include","Access agreements","renewal and extension conditions","",""
"2.2.3 a) ","include","Access agreements","requirements","","for regular compliance reviews"
"2.2.3 a) ","include","Approved forms of agreement","general Service Agreement","","for purchase of goods or services"
"2.2.3 a) ","include","Approved forms of agreement","agreements","","for Alternate Service Delivery Public Private Partnership"
"2.2.3 a) ","include","Approved forms of agreement","information","",""
"2.2.3 a) ","include","Approved forms of agreement","other forms of agreement","","Legal Services"
"2.2.3 b) ","ensure","requirements of external party access agreements, notification of obligations of the parties, Information Owners and Information Custodians","the security","","to legislation and regulation"
"2.2.3 b) ","ensure","requirements of external party access agreements, Information Owners and Information Custodians","the security","","to agreed information security policies and procedures"
"2.2.3 b) ","ensure","requirements of external party access agreements, Information Owners and Information Custodians","the security","",""
"2.2.3 b) ","ensure","the Province, requirements of external party access agreements, Information Owners and Information Custodians","the security","","the external party, of information"
"2.2.3 b) ","ensure","requirements of external party access agreements, Information Owners and Information Custodians","the security","","of the external party and and personnel or agents"
"2.2.3 b) ","ensure","requirements of external party access agreements, Information Owners and Information Custodians","the security","","for use of unique user identifiers"
"2.2.3 b) ","ensure","requirements of external party access agreements, Information Owners and Information Custodians","the security","",""
"2.2.3 b) ","ensure","requirements of external party access agreements, Information Owners and Information Custodians","the security","",""
"2.2.3 b) ","ensure","requirements of external party access agreements, to employees or contractors, Information Owners and Information Custodians","the security","","with the terms of the agreement"
"2.2.3 b) ","is","a third-party access agreement","","","in place"
"2","constitute","Information and information systems services","valuable government resources","",""
"2","establishes","assets, protection, The asset management chapter, who","the blueprint","","of acceptable use and the rules, for protection"
"2","specifies","for the assets, this chapter, who","the requirement","",""
"2","become","Designated owners","","",""
"2","specify","This chapter, for a system","","","at each level"
"2","sensitive, confidential","some information, the information","","","of protection"
"3.1.1","documented, maintained","","An inventory of all important assets","","with information systems"
"3.1.2","designated","","Information Custodians for all assets, Information Owners and Information Custodians for all assets","","with information systems"
"3.1.3","identified, documented, implemented","","Rules","","for the acceptable use of information systems"
"3.2.1","take","The government information","the value sensitivity and intended use of the information","","into account"
"3.2.2","identified, handled, labelled","","Information","","in the assigned information security classification"
"3.1.1","documented, maintained","","An inventory of all important assets","","with information systems"
"3.1.1","identify","Information Owners and Information Custodians","assets","","under control, including software"
"3.1.1","identify","Information Owners and Information Custodians","assets","","under control, including hardware"
"3.1.1","identify","Information Owners and Information Custodians","assets","","under control, including services, including computer and communications services and general utilities"
"3.1.1","inventoried","Information Owners and Information Custodians","","","under control, including information assets, in the personal information directory, under the Freedom of Information and Protection of Privacy Act"
"3.1.1","identify","Information Owners and Information Custodians","assets","","under control, including all other information assets, including database and data files"
"3.1.1 b) ","protect","Information Owners and Information Custodians","the assets","","on a regular basis, of the assets, as part of an enterprise risk management strategy"
"3.1.1 b) ","maintain, document, verify","Information Owners and Information Custodians","the personal information directory","","including the personal information bank privacy and impact assessment sections, privacy impact assessment sections"
"3.1.1 b) ","recorded","The following information","The following information","","in the case of interruption or or or loss destruction type of asset"
"3.1.1 b) ","recorded","The following information","The following information","","in the case of interruption"
"3.1.1 b) ","recorded","The following information","The following information","","in the case of interruption or or or loss destruction format"
"3.1.1 b) ","recorded","The following information","The following information","","in the case of interruption or or or loss destruction location"
"3.1.1 b) ","recorded","The following information","The following information","","in the case of interruption or or or loss destruction back-up information and location"
"3.1.1 b) ","recorded","The following information","The following information","","in the case of interruption"
"3.1.1 b) ","recorded","The following information","The following information","","in the case of interruption or or or loss destruction sensitivity and safeguards requirements"
"3.1.1 b) ","recorded, maintaining","The following information","business functions, The following information","","in the case of interruption or or or loss destruction criticality, for service delivery"
"3.1.1 b) ","recorded","The following information","The following information","","in the case of interruption or or or loss destruction consequences, of loss"
"3.1.1 b) ","accountable","Information Owners and Information Custodians","","","for asset identification and inventory maintenance"
"3.1.1 c) ","Loss, misappropriation, theft","","","","of assets"
"3.1.1 c) ","reported","","The loss or or misappropriation of assets, misappropriation, theft","",""
"3.1.1 c) ","followed","the loss or or misappropriation, theft","the Information Incident Management Process","",""
"3.1.1 c) ","is","a formal process","","","in place"
"3.1.1 c) ","up-to-date","the Personal Information Directory","","",""
"3.1.1 c) ","reported","information incidents and loss of assets","","",""
"3.1.2","designated","","Information Custodians for all assets, Information Owners and Information Custodians for all assets","","with information systems"
"3.1.2","Responsibilities","","","","for asset ownership"
"3.1.2","Custodians","Designating Information","","",""
"3.1.2 a) ","controlling","An Information Owner","the production and and and and use security of information and technology assets, development, security, use, maintenance","","within jurisdiction"
"3.1.2 a) ","ensuring, safeguarding","Information Owners","the appropriate classification","","of information and technology systems or services"
"3.1.2 a) ","reviewing, defining","Information Owners","classifications, safeguards, access restrictions and and safeguards","","in applicable policies"
"3.1.2 a) ","responsible","Information Owners, they","","",""
"3.1.2 b) ","delegate","Information Owners","responsibility for custody of information and or technology systems services to Information Custodians","","of information and technology systems"
"3.1.2 b) ","overseeing","Information Custodians","the functioning of information and technology assets","",""
"3.1.2 b) ","responsible","Information Custodians","","","for delivery of services, in defined service requirements"
"3.1.2 b) ","responsible","Information Custodians","","","for regular reporting, on designated information and technology assets"
"3.1.2 b) ","defined, monitored","","Ownership and custodianship responsibilities","","within the MyPerformance Plan"
"3.1.2 b) ","plan","in employee My Performance","and/or job description","",""
"3.1.2 b) ","is","a regular reporting","","","on information and technology assets, Information Custodians to Information Owners"
"3.1.3","identified, documented, implemented","","Rules","","for the acceptable use of information systems"
"3.1.3 a) ","governmentâ","All users","technology assets, information systems, information and technology assets","",""
"3.1.3 a) ","described","","The requirements","","for personal use of government information systems, in Core Policy and Procedures Manual"
"3.1.3 a) ","1","","","","of Government Resources"
"3.1.3 a) ","is","a mechanism","","","in place, of the appropriate use policies"
"3.2.1","take","The government information","the value sensitivity and intended use of the information","","into account"
"3.2.1 a) ","use","the Information Security Classification system, Information Owners and Information Custodians","the Information Security Classification system","",""
"3.2.1 a) ","responsible","The Office of the Government Chief Information Officer","","","for definition and and enforcement of the Information Information and Security Classification system, application, of the Information Information System Security Classification system"
"3.2.1 a) ","responsible","Risk Management Branch Government Security Office","","","for definition of Security Categories"
"3.2.1 b) ","apply","The Information Security Classification system","","","to information types negcc discrete data elements"
"3.2.1 b) ","determine","The Information Security Classification system","the relative value of information","","including factors, such statutory or regulatory requirements, to health life or personal safety, on other information or information systems"
"3.2.1 b) ","determine","The Information Security Classification system","the relative value of information","","including factors, such economic impact, from loss of information, of data aggregation"
"3.2.1 b) ","determine","The Information Security Classification system","the relative value of information","from loss of information confidentiality","including factors, such impact, to the Ministry service plan"
"3.2.1 b) ","determine","The Information Security Classification system","the relative value of information","","including factors, such changes to information sensitivity, over time"
"3.2.1 b) ","used","The Information Security Classification system","","","in the absence of explicit categorization"
"3.2.1 b) ","maintain","The Information Security Classification system","compatibility","with the Administrative Records Classification System Operational and Records Classification System, Operational Records Classification System",""
"3.2.1 b) ","defining","The Information Security Classification system","information types for categorization","",""
"3.2.1 b) ","making","The Information Security Classification system","decisions","on categorization of information",""
"3.2.1 b) ","processes","periodic reassessment of the information security categorization, The Information Security Classification system","","",""
"3.2.1 c) ","include","The Information System Security Classification system","processes","","for categorization of information systems, the information system"
"3.2.1 c) ","include","The Information System Security Classification system","processes for inclusion of information and system security classification documentation","","in the System Security Plan"
"3.2.1 c) ","cornerstone","The Information Security Classification system","","","of security and risk assessment activities"
"3.2.1 c) ","communicate","The security categories, in a way","classification, the value and classification of information","","for decisions, about risk management and information handling"
"3.2.1 c) ","assist","Risk Assessment, Information Security Classifications","","","For example, in consistent comparable Statement of Sensitivity, of the Security Threat, of the assessed system"
"3.2.1 c) ","controls","the selection of system security, Service providers","","","into packages or service offerings, of the information"
"3.2.1 c) ","selection, application","","","",""
"3.2.1 c) ","information","","","","of information, in a consistent and comparable manner, across government"
"3.2.1 c) ","is","a process","","",""
"3.2.1 c) ","part","the Information Security Classification","","","of the System Security Plan"
"3.2.1 c) ","reflected","","the Information Security Classification","","in STRAs"
"3.2.2","identified, handled, labelled","","Information","","in the assigned information security classification"
"3.2.2 a) ","document","procedures, Information Owners and Information Custodians","procedures","","with information security classification, the government Information Security Classification system"
"3.2.2 a) ","communicates","Information labelling","protection requirements, the security classification and protection requirements","","to information users"
"3.2.2 a) ","include","Information types","reports, files, messages, on-screen displays, printed or electronic records or or or files or on-screen displays messages","",""
"3.2.2 a) ","select, document","Information Owners","the appropriate label type","","for each information type"
"3.2.2 a) ","system-applied","standard report, printer watermarks","text","","of document templates"
"3.2.2 a) ","used","direct information labelling, alternate methods","alternate methods","","in information sharing agreements system interface specifications, of metadata"
"3.2.2 b) ","document","Information Owners and Information Custodians","information handling procedures for the secure processing and and and and declassification destruction","","storage, transmission"
"3.2.2 b) ","take","Information protection procedures","the access control policies, labelling and handling processes, the information security classification labelling and and handling and the access control policies","","into account"
"3.2.2 b) ","defined","","Procedures","","from, with"
"3.2.2 b) ","defining","","business requirements for reports screens and data storage","","During systems development"
"3.2.2 b) ","is","a mechanism","","","with information classification"
"3.2.2 b) ","defined","","labelling requirements","","as part of business requirements, for system development"
"3","identifies","for personnel, This chapter","the information security requirements for personnel","","with government organizations"
"3","establish","the terms and conditions of employment","expectations for the protection of government assets and and services","","information"
"3","identifies, set","This chapter references","the conditions for external personnel","","the BC Public Service Agency, for employees, such contractors"
"3","have","Management and personnel, different security responsibilities and liabilities","liabilities, different security responsibilities and liabilities","","during and at the time of termination of employment"
"3","screening, awareness, existence","emphasis","","","of the expected roles and responsibilities, of prospects, of agreements"
"3","handle","policies","problematic security situations","","During employment"
"3","establishes","This chapter, rules","rules","",""
"4.1.1","documented","","Security roles and responsibilities, responsibilities","","for personnel"
"4.1.2","performed","","Personnel screening","","with the Province"
"4.1.3","document","The terms and conditions of employment","the responsibility of personnel","","for information and information systems security"
"4.2.1","ensure","personnel, Management","","","with security policies and procedures"
"4.2.2","informed, receive","Personnel","Personnel of changes, appropriate information security training","","to information security policy and practices"
"4.2.3","reviewed","Management","Security breaches or policy violations, policy violations","","personnel"
"4.3.1","documented","","Responsibilities","","for employment termination"
"4.3.2","return","Personnel","government assets","","upon termination or change of employment"
"4.3.3","removed, reviewed","","The access rights of personnel to information systems","","upon termination of employment, upon change of employment"
"4.1.1","documented","","Security roles and responsibilities, responsibilities","","for personnel"
"4.1.1 a) ","document","Information Owners and Information Custodians","information security roles and responsibilities for personnel, responsibilities for personnel","","in job descriptions and standing and offers and information use agreements, standing offers, contracts"
"4.1.1 a) ","conducting","Information Owners and Information Custodians","staffing or contracting activities","",""
"4.1.1 b) ","ensure","Managers","","","of security roles and responsibilities"
"4.1.1 b) ","documented","security roles and responsibilities","","",""
"4.1.1 b) ","reviewed","","security, responsibilities, roles and responsibilities","on a regular basis",""
"4.1.1 b) ","is","a formal process","","","of security roles and responsibilities"
"4.1.2","performed","","Personnel screening","","with the Province"
"4.1.2 a) ","detailed","","The process","","for employee screening, in BC Public Service Agency Human Resource Polices"
"4.1.2 b) ","detailed","","The process","","for contractor screening, in Core Policy and Procedures Manual"
"4.1.2 b) ","used","The process","The process","","for contractor screening, such volunteers"
"4.1.2 b) ","screened","skills, education and and and knowledge and experience past work performance, Personnel","skills, past work performance, education and and and knowledge and experience past work performance, experience, knowledge","",""
"4.1.2 b) ","confirm","The screening","the applicantâ $ identity","",""
"4.1.2 b) ","commensurate","The extent of the screening process","","with the sensitivity of the information and nature of work",""
"4.1.2 b) ","exempt","Ministries, the sensitivity of the information and nature of work","personnel","from the screening process",""
"4.1.2 b) ","maintain","Ministries, a list of contractors and other individuals","a list of contractors and other individuals","",""
"4.1.2 b) ","provided","","screening services","","in the process and criteria, as a shared service"
"4.1.2 b) ","followed","","the provisions of the BC Public Service Agency Security Screening Policy","",""
"4.1.3","document","The terms and conditions of employment","the responsibility of personnel","","for information and information systems security"
"4.1.3 a) ","defined","","conditions, The terms and conditions of employment","","for employees, in the BC Public Service Agency"
"4.1.3 b) ","include","confidentiality requirements, The terms and conditions of employment","confidentiality requirements, responsibilities","","for personnel, than employees, for the handling and storage of information assets"
"4.1.3 b) ","adhere","The terms and conditions of employment","","","for personnel, than employees, to the terms and conditions"
"4.1.3 c) ","ensure","Managers, terms and conditions of employment","","","to employment or provision of services"
"4.1.3 d) ","remedies","cancellation of contract, Personnel","","","in violation of the terms and conditions of employment, to disciplinary action, including dismissal"
"4.1.3 d) ","included","the responsibilities","","","for information and information systems security, in the employment terms and conditions"
"4.1.3 d) ","is","a process","","","to terms and conditions of employment, of services"
"4.2.1","ensure","personnel, Management","","","with security policies and procedures"
"4.2.1 a) ","ensuring","Managers","","","of information security policies and practices, of information security roles and responsibilities, to information or information systems"
"4.2.1 a) ","support","Managers","the implementation of information security policies and practices","","to information security policies"
"4.2.1 a) ","requiring","Managers, personnel","","","of information security policies and practices, to the terms and conditions of employment, including information security policies"
"4.2.1 b) ","review, restructuring, validate, staffing","Managers","responsibilities, public service or contract positions, security roles and responsibilities, contract positions","","in job descriptions and standing and offers and contracts information use agreements, standing offers"
"4.2.1 b) ","review, validate","Managers","responsibilities, security roles and responsibilities","","in job descriptions, to"
"4.2.1 b) ","is","a process, personnel, managers","","","to the terms and conditions of employment, including information security policies"
"4.2.1 b) ","required","job descriptions and standing and offers and contracts information use agreements, standing offers, policy","information use agreements, job descriptions and standing and offers and contracts information use agreements, standing offers, contracts","","as"
"4.2.2","informed, receive","Personnel","Personnel of changes, appropriate information security training","","to information security policy and practices"
"4.2.2 a) ","include","Managers, personnel","an information security awareness component","","in orientation processes"
"4.2.2 b) ","addressing","Managers","topics","","including protection of information"
"4.2.2 b) ","addressing","Managers","topics","","including known information security threats"
"4.2.2 b) ","addressing","Managers","topics","","including legal responsibilities"
"4.2.2 b) ","addressing","Managers","topics","","including information security policies and directives"
"4.2.2 b) ","provide","Managers","education, awareness and and training, training","","including procedures, to the Ministry Information Security Officer"
"4.2.2 b) ","addressing","Managers","topics","","including appropriate use of government resources"
"4.2.2 b) ","addressing","Managers","topics","","including technology training"
"4.2.2 b) ","addressing","Managers","topics","","including information, on disciplinary processes"
"4.2.2 b) ","addressing","Managers","topics","",""
"4.2.2 b) ","ensure","Managers","the information security awareness","","of responsibilities, in relation, of Conduct"
"4.2.2 b) ","informs","Managers, 12.3.1","personnel of responsibilities","","in relation, to the Core Policy and Procedures Manual, of Government Resources"
"4.2.2 b) ","informs","Incident Management Process, Managers","personnel of responsibilities","","in relation, to information"
"4.2.2 b) ","ensure","Managers, awareness training","the information security","","of responsibilities, in relation, to information Security policies"
"4.2.2 b) ","ensure","Managers, awareness training","the information security","","of responsibilities, in relation, to other applicable policies and procedures"
"4.2.2 b) ","available","Resources","","from ministry Information Security Officers","on information security awareness and and training, education"
"4.2.2 b) ","available","Resources","","from the Chief Information Security Officer","on information security awareness and and training, education"
"4.2.2 b) ","does","new personnel, the orientation","","",""
"4.2.2 b) ","education, awareness, training","annual information security","","",""
"4.2.2 b) ","made","","personnel","","within Government"
"4.2.3","reviewed","Management","Security breaches or policy violations, policy violations","","personnel"
"4.2.3 a) ","ensuring","receipt of information, personnel, managers","","","for a security breach or policy violation, of the potential security breach or policy violation"
"4.2.3 a) ","assisting, verifying","receipt of information, personnel, managers","the details of the security breach or policy violation","","for a security breach or policy violation, in an investigation"
"4.2.3 a) ","warranted, determining","receipt of information, personnel, managers","disciplinary action for employees","with the BC Public Service Agency","for a security breach or policy violation, in consultation"
"4.2.3 a) ","determining","receipt of information, personnel, managers","","","for a security breach or policy violation, for non-employees"
"4.2.3 a) ","arranging","receipt of information, personnel, managers","permanent or temporary removal of access privileges","","for a security breach or policy violation"
"4.2.3 a) ","made","","personnel of the Information Incident Management Process","",""
"4.3.1","documented","","Responsibilities","","for employment termination"
"4.3.1 a) ","advise","personnel of ongoing confidentiality responsibilities, Managers","personnel of ongoing confidentiality responsibilities","","after termination of employment"
"4.3.1 a) ","provide","BC Public Service Agency, information, awareness and and training programs","awareness and and training programs","","on personnel confidentiality requirements, after termination of employment"
"4.3.1 a) ","defined","personnel","","","in the Standards of Conduct"
"4.3.2","return","Personnel","government assets","","upon termination or change of employment"
"4.3.2 a) ","document","Managers","the return of government assets","","in the possession of personnel, upon termination of employment"
"4.3.2 a) ","ensure","These processes","","","of returned items, against established asset inventories"
"4.3.2 a) ","ensure","These processes","compensation, the recovery or compensation","","for assets, based established criteria, regarding depreciation and replacement value, for classes of items"
"4.3.2 a) ","ensure","that, These processes","the identification of unreturned access devices and and keys","","cards, of assets"
"4.3.2 a) ","available","The following forms","","","of employment processes, of assets, to personnel employee Separation Report form"
"4.3.2 a) ","available","The following forms","","","of employment processes, of assets, to personnel staff"
"4.3.2 a) ","is","a process","","","of information assets, upon the employment change or termination"
"4.3.3","removed, reviewed","","The access rights of personnel to information systems","","upon termination of employment, upon change of employment"
"4.3.3 a) ","change","Managers, personnel","employment","","to information systems information processing facilities"
"4.3.3 a) ","change","Managers, personnel","employment","","to information systems information processing facilities, of positional or organizational roles and responsibilities"
"4.3.3 a) ","change","Managers, personnel","employment","","to information systems information processing facilities"
"4.3.3 a) ","employment","Managers","","","to information systems information processing facilities, including updating directories and and systems, documentation"
"4.3.3 b) ","ensure, removed, reviewed","Managers","access, information processing facilities","","to information systems, upon termination of employment, upon change of employment"
"4.3.3 b) ","ensure, removed, reviewed","Managers","access, information processing facilities","","to information systems, upon termination of employment, upon change of employment"
"4.3.3 b) ","ensure","Managers","access to information systems and and removed or reviewed, removed or reviewed","","upon termination of employment, upon change of employment"
"4.3.3 c) ","ensure, removed, reduced","Managers, the employee/contactor","access, information processing facilities","","to information systems, before the employment terminates or changes, of risk factors, management"
"4.3.3 c) ","ensure, removed, reduced","Managers","access, information processing facilities","","to information systems, before the employment terminates or changes, of risk factors, such the reason, for termination"
"4.3.3 c) ","ensure, removed, reduced","Managers","access, information processing facilities","","to information systems, before the employment terminates or changes, of risk factors, such the current responsibilities of the employee/contractor"
"4.3.3 c) ","ensure","Managers","access to information systems and and reduced or removed, reduced or removed","","before the employment terminates or changes, of risk factors, such the value of the assets accessible"
"4.3.3 c) ","available","The following forms","","","of employment processes, for managing access rights of personnel employee Separation Report form"
"4.3.3 c) ","available","The following forms","","","of employment processes, of personnel staff"
"4.3.3 c) ","reviewed","","personnel access rights","","during employment changes or re-organization"
"4","identifies","This chapter","requirements","","for the protection, from environmental and man-made threats, to personnel and property, in information processing facilities"
"4","use","One of the principles","","","for protection, of security zones, in secure areas"
"4","described","","Safety measures","","for equipment installations"
"4","identified","Requirements","Requirements","","for the installation and and and protection maintenance of computer equipment, operation, of government information and information systems"
"5.1.1","protected","a physical security perimeter","Government information processing facilities","",""
"5.1.2","protected","appropriate entry controls, Secure areas","Secure areas","",""
"5.1.3","applied, documented, designed","","Physical security requirements, Physical security requirements for all areas","","in and around an information processing facility"
"5.1.4","designed","Physical security controls","Physical security controls","","against damage, from natural or man-made disaster"
"5.1.5","used","personnel","procedures, Additional security controls and procedures","","in secure areas"
"5.1.6","controlled, possible","Access to delivery and loading areas","Access to delivery and loading areas","","from information processing facilities"
"5.2.1","protected","Equipment","Equipment","","from unauthorized access and environmental and threats hazards, environmental threats"
"5.2.2","protected","","Equipment","from power supply interruption and other disruptions, other disruptions","failures, in supporting utilities"
"5.2.3","protected","","Power and telecommunications cabling, telecommunications cabling","from interception and damage, damage",""
"5.2.5","off-site","","","from government premises",""
"5.2.6","erased","","All data and software, software","from equipment",""
"5.2.7","removed","","Equipment or or software, software, information","from government premises","to the Province, without prior authorization"
"5.1.1","protected","a physical security perimeter","Government information processing facilities","",""
"5.1.1 a) ","establish","Information Owners and Information Custodians","number, the appropriate type and number of restricted zones","","for personnel safety"
"5.1.1 a) ","supported","a Security Threat and Risk Assessment","Establishment of restricted zones","",""
"5.1.1 a) ","Zone","All information processing facilities","","",""
"5.1.1 a) ","applied","Appropriate security controls, all information, with physical intrusion alarm systems","Appropriate security controls","","of identified risks"
"5.1.1 a) ","applied","Appropriate security controls, These doors","Appropriate security controls","","of identified risks, with doors, beyond a certain period of time"
"5.1.1 a) ","applied","all fire doors, Appropriate security controls","Appropriate security controls","","of identified risks, with crash bars, in the event of an emergency"
"5.1.1 a) ","set","the doors","an audible alarm","",""
"5.1.1 a) ","monitored","","i., alarm systems","",""
"5.1.1 a) ","controlled, authorized, monitored","","access to restricted zones","","the applicable zone"
"5.1.1 a) ","separated","government information processing facilities","","from those","third parties"
"5.1.1 b) ","review, annually","Information Custodians, physical security environmental control requirements","","",""
"5.1.1 b) ","evaluated","","Security requirements","","for facilities, to significant alteration, to building layouts"
"5.1.1 b) ","evaluated","","Security requirements","","for facilities, to significant change, to equipment/systems, in the facility"
"5.1.1 b) ","evaluated","","Security requirements","","for facilities, to significant change, in operations"
"5.1.1 b) ","evaluated","","Security requirements","","for facilities, as part of any related security incident investigation"
"5.1.1 b) ","support","The following guidelines, they","physical and environmental security","","for information processing facilities"
"5.1.1 b) ","establishing","The following guidelines, visitor reception","perimeter security","","for information processing facilities, from entrance areas, of the entrance"
"5.1.1 b) ","require","the contract, The following guidelines, contracted personnel","","","for information processing facilities"
"5.1.1 b) ","depends","The effective use of restricted access zones, of appropriate security procedures","","on the implementation of appropriate security procedures","in an open office environment"
"5.1.1 b) ","depends","The effective use of restricted access zones, of appropriate security procedures","","on the implementation of appropriate security procedures","in an open office environment"
"5.1.1 b) ","depends","The effective use of restricted access zones, of appropriate security procedures","","on the implementation of appropriate security procedures","in an open office environment"
"5.1.1 b) ","depends","The effective use of restricted access zones, on the implementation of appropriate security procedures","","on the implementation of appropriate security procedures","in an open office environment"
"5.1.1 b) ","security","Authority and Exceptions","","",""
"5.1.1 b) ","controls","Authority and Exceptions","","",""
"5.1.1 b) ","Process","Authority and Exceptions","","","for incident reporting"
"5.1.2 a) ","enter","with an identification badge and level, Authority and Exceptions","a facility","","including visitors, such name and photograph, of access"
"5.1.2 a) ","challenge","in a secure area, Authority and Exceptions personnel","anyone","",""
"5.1.2 a) ","accounted, returned","","Exceptions visitor temporary access badges, Authority and Exceptions visitor and or access badges","","for at the end of each day"
"5.1.2 a) ","reviewed","","Exceptions entry logs, Authority Exceptions entry logs","on a quarterly basis",""
"5.1.2 a) ","maintained, secured","all entry","Authority and Exceptions, Exceptions","","according the approved records retention schedule, for the system or information asset"
"5.1.2 a) ","reviewed, updated","","Authority and Exceptions access rights to secure areas","",""
"5.1.2 b) ","reviewing","Information Custodians","physical entry control requirements","",""
"5.1.2 b) ","tested","","All entry controls","","in place"
"5.1.2 b) ","evaluated","","Security requirements","","for facilities, to alteration, to building layouts"
"5.1.2 b) ","evaluated","","Security requirements","","for facilities, to equipment/systems, in the facility"
"5.1.2 b) ","evaluated","","Security requirements","","for facilities, in operations"
"5.1.2 b) ","evaluated","","Security requirements","","for facilities, of any related security incident investigation"
"5.1.2 b) ","entry","Authority and Exceptions","","",""
"5.1.2 b) ","access","Authority and Exceptions","","",""
"5.1.2 b) ","entry","Authority and Exceptions","","",""
"5.1.2 b) ","controls","Authority and Exceptions","","",""
"5.1.3 a) ","Authority, Exceptions","","","",""
"5.1.3 a) ","complying","Authority and Exceptions","","standards, with health and safety regulations and standards",""
"5.1.3 a) ","keep, selecting","Authority and Exceptions","unobtrusive sites","","to the minimum, for meeting fire other safety requirements"
"5.1.3 a) ","Authority, Exceptions","","","","of information processing facility locations, in directories, to the minimum"
"5.1.3 a) ","selecting","Authority and Exceptions","sites","",""
"5.1.3 a) ","completed","","Risk Assessment, an Information Security Threat and Risk Assessment","",""
"5.1.3 a) ","approved, documented","the Information Custodian","security controls","",""
"5.1.4","designed","Physical security controls","Physical security controls","","against damage, from natural or manmade disaster"
"5.1.4 a) ","incorporate","physical security controls, site planners, Information Custodians and site and planners architects","physical security controls","","against damage, from fire civil unrest and other forms of natural or man-made disaster"
"5.1.4 a) ","given","","Consideration","","to any security threats"
"5.1.4 a) ","stored","","Bulk supplies, combustible or hazardous materials","from the secure area","In addition to meeting building code specifications and fire regulations, at a safe distance, within the secure area"
"5.1.4 a) ","fire","","suppression and fire fighting systems","",""
"5.1.4 a) ","inspected","work areas, the facilities, buildings and work and public areas, managers","the facilities","","fire and safety experts, for occupants"
"5.1.4 a) ","reviewed","","the security controls","",""
"5.1.5","used","personnel","procedures, Additional security controls and procedures","","in secure areas"
"5.1.5 a) ","work","requirements, Information Owners and Information Custodians","","","to personnel, in secure areas"
"5.1.5 a) ","responsible","activities, with persons, Information Owners and Information Custodians","","","within a secure area, in a non-secure area"
"5.1.5 a) ","responsible","Information Owners and Information Custodians","","","within a secure area, with persons, without a need-to-know"
"5.1.5 a) ","responsible","Information Owners and Information Custodians, type of photographic","","","within a secure area, including cameras, in mobile devices, into a Restricted Access Security Zone"
"5.1.5 a) ","responsible","Information Owners and Information Custodians","","","within a secure area"
"5.1.5 b) ","identify, document","requirements, Information Owners and Information Custodians","requirements","","for other individuals, to a secure area"
"5.1.5 b) ","ensuring","names, cleaners and others, Information Owners and Information Custodians","that maintenance staff","","on an ongoing basis, to the secure area, on access lists"
"5.1.5 b) ","ensuring","visitors, entry departure times logged Personnel, they, Information Owners and Information Custodians","","","for visits"
"5.1.5 b) ","checked, locked","","Unoccupied secure areas","",""
"5.1.5 b) ","installed","Physical intrusion alarms","Physical intrusion alarms","","of a breach"
"5.1.5 b) ","reviewed","lists and visitors","the access","",""
"5.1.6","controlled, possible","Access to delivery and loading areas","Access to delivery and loading areas","","from information processing facilities"
"5.1.6 a) ","ensure","Information Custodians and and architects, planners","","","to delivery and loading areas or Reception Zone"
"5.1.6 a) ","considered","","The following factors","","without delivery personnel, to restricted access zones or other parts of the building"
"5.1.6 a) ","considered","doors or gates","The following factors, a combination of internal and external locking","",""
"5.1.6 a) ","considered","resources","The following factors","","for potential threats, to or from the delivery"
"5.1.6 a) ","considered","bills of lading","The following factors","",""
"5.1.6 a) ","considered","","The following factors","",""
"5.1.6 a) ","considered","","The following factors","","for deliveries and pick-ups"
"5.1.6 a) ","conducted","Risk Assessment, For leased facilities, a Security Threat and Risk and Assessment inspection","For leased facilities a Security Threat and Risk and Assessment inspection, For leased facilities Risk Assessment, For leased facilities inspection","","to leasing"
"5.1.6 b) ","considered","delivery and loading areas","the following security controls","","from information processing facilities other secure areas, of operation, for delivery and pick-up"
"5.1.6 b) ","considered","delivery and loading areas","continuous monitoring of the access, the following security controls","","from information processing facilities other secure areas, to information processing facilities"
"5.1.6 b) ","considered","delivery and loading areas","continuous monitoring of the delivery and loading areas, the following security controls","","from information processing facilities other secure areas"
"5.1.6 b) ","considered","delivery and loading areas","the following security controls","","from information processing facilities other secure areas, for deliveries and pick-ups"
"5.1.6 b) ","reviewed","","the records","","for deliveries and pickups"
"5.1.6 b) ","completed","","the annual review of security requirements","",""
"5.1.6 b) ","completed","","the annual test of security controls","",""
"5.1.6 b) ","occurred","many unauthorized accesses and attempted accesses","","","from the delivery and loading area"
"5.1.6 b) ","what","the number and dollar value of thefts","","","from delivery and loading area"
"5.2.1","protected","Equipment","Equipment","","from unauthorized access and environmental and threats hazards, environmental threats"
"5.2.1 a) ","collaborate","Information Custodians, Information Owners and Information and Custodians and planners architects, the design and layout of information processing facilities","","","from security threats, a Security Threat and Risk Assessment"
"5.2.1 a) ","include","Safeguards","","","within a Restricted Access Security Zone"
"5.2.1 a) ","include","Safeguards","","","in an Restricted Access Operations Zone"
"5.2.1 a) ","include","Safeguards","","","from observation, unauthorized persons, through windows, through work areas"
"5.2.1 a) ","include","Safeguards, users","","","from public or reception areas, in passageways or other areas"
"5.2.1 a) ","ensuring","Information Owners and Information Custodians","","","on a Security Threat and Risk assessment"
"5.2.1 b) ","collaborate","Information Custodians, Information Owners and Information and Custodians and planners architects, the design and layout of information processing facilities","","","from physical and environmental hazards"
"5.2.1 b) ","include","Safeguards, equipment, a Security Threat and Risk Assessment","","","for suppression of electromagnetic emanations"
"5.2.1 b) ","include","the temperatures and humidity, Safeguards, equipment","","","in information processing facilities"
"5.2.1 b) ","include","Safeguards, lightning protection","","","for information processing facilities, for power and communications"
"5.2.1 b) ","include","Safeguards","","","from fire suppression other safety systems"
"5.2.1 b) ","include","Safeguards","","","from potential damage, from environmental hazards, such water"
"5.2.1 b) ","include","Safeguards, areas","","","with approved eating, from work areas"
"5.2.1 b) ","include","Safeguards, briefing personnel","briefing personnel","","with equipment, about safety practices, in the workplace"
"5.2.1 b) ","include","Safeguards, keeping information processing facilities of biological pests","keeping information processing facilities of biological pests","","to equipment and power systems"
"5.2.1 b) ","include","the information processing facility, Safeguards","","","for integrity of ceilings and and and other infrastructure, walls, windows, for damage, from water and other environmental factors, to safe equipment operation"
"5.2.1 b) ","is","a documented program","","",""
"5.2.1 b) ","conducted","","what type, many inspections and what type","",""
"5.2.1 b) ","reviewed","","public terminal security safeguards, kiosk public and terminal security safeguards","",""
"5.2.2","protected","","Equipment","from power supply interruption and other disruptions, other disruptions","failures, in supporting utilities"
"5.2.2 a) ","adequate","power","","","in the facility"
"5.2.2 a) ","includes","This","","","for the facility"
"5.2.2 a) ","included","","the following","","in facility planning and specifications, business and technical requirements"
"5.2.2 a) ","included","","the following","","in facility planning specifications emergency power, off switches, near emergency exits, in equipment rooms"
"5.2.2 a) ","included","","the following","","in facility planning specifications emergency lighting"
"5.2.2 a) ","included","the following","the following","","in facility planning and specifications alarms, for fire suppression"
"5.2.2 a) ","included","the following","the following","","in facility planning and specifications alarms, in heating conditioning control and sewage systems"
"5.2.2 a) ","included","","the following","","in facility planning specifications multiple connections, to the power utility, for critical systems and equipment"
"5.2.2 a) ","included","the following","the following","","in facility planning specifications and multiple telecommunications connections, specifications multiple telecommunications connections, of voice services"
"5.2.2 a) ","included","the following","the following","","in facility planning specifications and adequate voice communications, specifications adequate voice communications, for emergencies"
"5.2.2 b) ","ensure","Information Custodians","","","in building codes and other regulations"
"5.2.2 b) ","practised","","Evacuation and other emergency drills","with fire and emergency services","in collaboration"
"5.2.2 b) ","replacing, changing","","existing technology hardware","","for utilities, during the planning phase"
"5.2.2 b) ","moving","The facility requirements","significant numbers of new staff","","for utilities, into facilities"
"5.2.2 b) ","re-evaluated","","The facility requirements","","for utilities, during the planning of renovations or major changes, to an existing facility"
"5.2.2 b) ","re-evaluated","","The facility requirements","","for utilities"
"5.2.2 b) ","re-evaluated","major changes to the surrounding area, The facility requirements","","","for utilities"
"5.2.2 b) ","conducted","","Inspections","","business and technical requirements"
"5.2.2 b) ","supply","the uninterruptible power","","",""
"5.2.2 b) ","tested","","fuel supplies, the backup generators","",""
"5.2.3","protected","","Power and telecommunications cabling, telecommunications cabling","from interception and damage, damage",""
"5.2.3 a) ","include","Information Custodians and and architects, planners","the protection of power and telecommunications","","from interception and damage"
"5.2.3 a) ","and/or, increase","The following methods","protection power, telecommunications cabling","","in a secure conduit"
"5.2.3 a) ","increase","The following methods","","","with electromagnetic shielding"
"5.2.3 a) ","given","The following methods, consideration","consideration","","a Security Threat and Risk Assessment, of fibre optics, for telecommunications cabling"
"5.2.3 a) ","increase","The following methods, protection cables","","","in public areas"
"5.2.3 a) ","increase, segregated","The following methods","protection power, telecommunications cabling","","in building codes and other regulations"
"5.2.3 a) ","increase","The following methods","protection inspection boxes and and secured and located, secured and located","","inside a Restricted Access Security Zone"
"5.2.3 b) ","ensure","Information Custodians","","","of power and telecommunications cables, through regular inspections and reports"
"5.2.3 b) ","ensure","Information Custodians","","","of patches and other changes, for completeness and correctness"
"5.2.3 b) ","ensure","Information Custodians, a Security Threat and Risk Assessment","","","for unauthorized access or inappropriate activity, of monitoring activities"
"5.2.3 b) ","cabling","the inspection of power and telecommunications","closets","",""
"5.2.4","maintained","Equipment","Equipment","",""
"5.2.4 a) ","protected","it","Equipment","with the sensitivity of the information and the value of the equipment",""
"5.2.4 a) ","conducted","Information Owners and Information Custodians","repair or maintenance, maintenance","",""
"5.2.4 a) ","justify","The need","repair or maintenance, equipment destruction and replacement negcc negcc repair or maintenance, replacement","",""
"5.2.4 a) ","ensuring","Information Custodians","the scheduling of routine preventive maintenance of equipment","","qualified authorized personnel"
"5.2.4 a) ","using, compliance, ensuring","Information Custodians","safe practices","with warranty requirements","in the manufacturerâ specifications, as specified, in building codes and other and insurance policies, other regulation"
"5.2.4 a) ","ensuring","Information Custodians, maintenance","","","with services or operations"
"5.2.4 a) ","notifying","Information Custodians","affected users","","for scheduled maintenance"
"5.2.4 a) ","sent","Information Custodians, Equipment","","","of the information, on the device, of off-site maintenance"
"5.2.4 a) ","responsible","Information Custodians","","","from off-site repair or maintenance"
"5.2.4 b) ","maintaining","the system, Information Custodians, additional maintenance requirements","detailed records","","on critical systems, in a manner, to scheduled maintenance"
"5.2.4 b) ","responsible","Information Custodians","","","into system availability requirements"
"5.2.4 b) ","responsible","Information Custodians","","","within Canada"
"5.2.4 b) ","include","service contracts","schedule of regular maintenance activities","",""
"5.2.4 b) ","is","a process","","",""
"5.2.5","off-site","","","from government premises",""
"5.2.5 a) ","document, authorize","Information Owners and Information Custodians","off-site use of equipment","",""
"5.2.5 a) ","include","Equipment","desktop and laptop computers","","for off-site usage"
"5.2.5 a) ","include","Equipment","portable storage devices","","for off-site usage"
"5.2.5 a) ","include","Equipment","mobile devices","","for off-site usage"
"5.2.5 a) ","include","Equipment","facsimiles, scanners, printers and and and copiers facsimiles, copiers","","for off-site usage"
"5.2.5 b) ","offsite","it, Information Owners and Information Custodians","","","with the sensitivity of the information and the value of the equipment"
"5.2.5 b) ","ensure","Information Custodians","","","a Security Threat and Risk Assessment"
"5.2.5 b) ","ensure","Information Custodians","","","from loss, with a physical locking or or security mechanism"
"5.2.5 b) ","ensure","Information Custodians, personnel","","","with operation of the protection technologies, in use"
"5.2.5 b) ","leave","","government equipment","","in a public place"
"5.2.5 b) ","ensure","equipment","","","at all times"
"5.2.5 b) ","use","","the physical locking or or security mechanisms","","the Information Custodian"
"5.2.5 b) ","take","measures","measures","","of sensitive information other, than authorized persons"
"5.2.5 b) ","use","","the equipment","",""
"5.2.5 b) ","report","","loss of equipment","",""
"5.2.5 b) ","conducted","","the annual inventory of equipment","",""
"5.2.6","destroyed, reassigned","","hardware and media, media","","against unauthorized disclosure"
"5.2.6 a) ","consider","Information Owners","sensitivity, the value and sensitivity of the information","","on hardware or media, within government"
"5.2.6 a) ","ensure","Information Owners and Information Custodians","","","Prior reassignment of or media, of hardware, within government, of government records, to Records Management policies"
"5.2.6 a) ","ensure, erased","Information Owners and Information Custodians","software, information","","Prior reassignment of or media, of hardware, within government, the Office of the Government Chief Information Officer"
"5.2.6 a) ","ensure","Information Owners and Information Custodians","","","Prior reassignment of or media, of hardware, within government"
"5.2.6 b) ","ensure","reassignment, disposal procedures, asset inventories, Information Owners and Information Custodians","","","Prior reassignment of or media, of hardware, within government, of the erasure"
"5.2.7 a) ","ensure","asset inventories, Information Owners and Information Custodians","","","Prior reassignment of or media, of hardware, within government, of the erasure and reassignment, including description and serial numbers"
"5.2.7 a) ","located","Information Owners and Information Custodians","the asset","","Prior reassignment of or media, of hardware, within government"
"5.2.7 a) ","ensure","Information Owners and Information Custodians","return date, the removal date and return date","","Prior reassignment of or media, of hardware, within government"
"5.2.7 a) ","ensure","Information Owners and Information Custodians","the identity of the individual responsible Reason","","Prior reassignment of or media, of hardware, within government, for the assetâ, for removal of the asset"
"5.2.7 a) ","returned","","the asset","",""
"5.2.7 a) ","challenged","Personnel","Personnel","","from government premises, for removal"
"5.2.7 a) ","subject","Personnel","","","without authorization, to disciplinary action"
"5.2.7 a) ","maintained","the records","","","for removal of equipment or or software, information, off government premises"
"5","establishes","This chapter","a framework","","of information security, in the services, government information processing facilities"
"5","required","Planning and management of the day-to-day activities, of the resources","Planning and management of the day-to-day activities, management of the day-to-day activities","",""
